POLITICS,32739,
WELLNESS,17827,
ENTERTAINMENT,16058,
TRAVEL,9887,
STYLE & BEAUTY,9649,
PARENTING,8677,
HEALTHY LIVING,6694,
QUEER VOICES,6314,
FOOD & DRINK,6226,
BUSINESS,5937,
COMEDY,5175,
SPORTS,4884,
BLACK VOICES,4528,
HOME & LIVING,4195,
PARENTS,3955,
WEDDINGS,3651,
WOMEN,3490,
DIVORCE,3426,
CRIME,3405,
MEDIA,2815,
GREEN,2622,
RELIGION,2556,
STYLE,2254,
SCIENCE,2178,
WORLD NEWS,2177,
TASTE,2096,
TECH,2082,
MONEY,1707,
ARTS,1509,
ARTS & CULTURE,1339,
ENVIRONMENT,1323,
COLLEGE,1144,
LATINO VOICES,1129,
CULTURE & ARTS,1030,
EDUCATION,1004,
